Ime;P;K;Vrsta;Zvezna država;Regija
Adhirasam;10;50;sladica;Zahodna Bengalija;Vzhodna
Aloo gobi;10;20;glavna jed;Pandžab;Severna
Aloo matar;5;40;glavna jed;Pandžab;Severna
Aloo methi;10;40;glavna jed;Pandžab;Severna
Aloo shimla mirch;10;40;glavna jed;Pandžab;Severna
Aloo tikki;5;20;glavna jed;Pandžab;Severna
Alu Pitika;5;20;glavna jed;Asam;Severovzhodna
Amti;10;45;glavna jed;Maharaštra;Zahodna
Anarsa;10;50;sladica;Maharaštra;Zahodna
Ariselu;15;75;sladica;Andra Pradeš;Južna
Attu;150;25;prigrizek;Andra Pradeš;Južna
Avial;30;45;glavna jed;Kerala;Južna
Bajri no rotlo;10;10;glavna jed;Gudžarat;Zahodna
Balu shahi;45;25;sladica;Zahodna Bengalija;Vzhodna
Bandar laddu;5;35;sladica;Andra Pradeš;Južna
Basundi;10;35;sladica;Gudžarat;Zahodna
Bebinca;20;60;sladica;Goa;Zahodna
Beef Fry;10;60;glavna jed;Kerala;Južna
Bengena Pitika;;;glavna jed;Asam;Severovzhodna
Bhakri;20;25;glavna jed;Maharaštra;Zahodna
Bhatura;20;20;glavna jed;Pandžab;Severna
Bhindi masala;20;30;glavna jed;Pandžab;Severna
Bilahi Maas;10;20;glavna jed;Asam;Severovzhodna
Biryani;30;120;glavna jed;Telangana;Južna
Bisi bele bath;30;45;glavna jed;Karnataka;Južna
Black rice;;;glavna jed;Manipur;Severovzhodna
Bombil fry;;;glavna jed;Maharaštra;Zahodna
Boondi;80;30;sladica;Radžastan;Zahodna
Bora Sawul;;;glavna jed;Asam;Severovzhodna
Brown Rice;15;25;glavna jed;;
Butter chicken;10;35;glavna jed;Delhi;Severna
Chak Hao Kheer;240;45;sladica;Manipur;Severovzhodna
Chakali;10;40;prigrizek;Maharaštra;Zahodna
Cham cham;40;60;sladica;Zahodna Bengalija;Vzhodna
Chana masala;20;30;glavna jed;Pandžab;Severna
Chapati;10;10;glavna jed;Maharaštra;Zahodna
Cheera Doi;;;sladica;Zahodna Bengalija;Vzhodna
Chevdo;20;30;prigrizek;Gudžarat;Zahodna
Chhena jalebi;10;50;sladica;Odiša;Vzhodna
Chhena kheeri;;60;sladica;Odiša;Vzhodna
Chhena poda;10;45;sladica;Odiša;Vzhodna
Chicken razala;10;35;glavna jed;Zahodna Bengalija;Vzhodna
Chicken Tikka;120;45;predjed;Pandžab;Severna
Chicken Tikka masala;10;50;glavna jed;Pandžab;Severna
Chicken Varuval;10;35;glavna jed;Tamil Nadu;Južna
Chikki;10;20;sladica;Maharaštra;Zahodna
Chingri Bhape;15;30;glavna jed;Zahodna Bengalija;Vzhodna
Chingri malai curry;10;40;glavna jed;Zahodna Bengalija;Vzhodna
Chole bhature;20;30;glavna jed;Pandžab;Severna
Chorafali;5;15;prigrizek;Gudžarat;Zahodna
Churma Ladoo;12;40;sladica;Radžastan;Zahodna
Coconut vadi;20;30;sladica;Maharaštra;Zahodna
Copra paak;20;30;glavna jed;Gudžarat;Zahodna
Currivepillai sadam ;10;20;glavna jed;Tamil Nadu;Južna
Daal baati churma;10;90;glavna jed;Radžastan;Zahodna
Daal Dhokli;20;30;glavna jed;Gudžarat;Zahodna
Daal puri;30;30;glavna jed;Zahodna Bengalija;Vzhodna
Dahi vada;30;30;glavna jed;Maharaštra;Zahodna
Dal makhani ;10;60;glavna jed;Pandžab;Severna
Dal tadka;10;30;glavna jed;Pandžab;Severna
Dalithoy;5;20;glavna jed;Maharaštra;Zahodna
Dharwad pedha;20;60;sladica;Karnataka;Južna
Dhokla;10;20;prigrizek;Gudžarat;Zahodna
Dhondas;10;50;sladica;Maharaštra;Zahodna
Doodhpak;10;60;sladica;Gudžarat;Zahodna
Dosa;360;90;prigrizek;;Južna
Double ka meetha;20;30;sladica;Telangana;Južna
Dudhi halwa;15;30;sladica;Gudžarat;Zahodna
Dum aloo;20;50;glavna jed;Džamu in Kašmir;Severna
Fara;10;60;prigrizek;Čatisgar;Osrednja
Farsi Puri;;;glavna jed;Gudžarat;Zahodna
Gajar ka halwa;15;60;sladica;Pandžab;Severna
Galho;5;15;glavna jed;Nagaland;Severovzhodna
Gatta curry;10;20;glavna jed;Radžastan;Zahodna
Gavvalu;10;30;sladica;Andra Pradeš;Južna
Gheela Pitha;10;30;sladica;Asam;Severovzhodna
Ghevar;15;30;sladica;Radžastan;Zahodna
Ghooghra;;;prigrizek;Gudžarat;Zahodna
Goja;20;60;sladica;Zahodna Bengalija;Vzhodna
Gud papdi;10;20;sladica;Gudžarat;Zahodna
Gulab jamun;15;40;sladica;Zahodna Bengalija;Vzhodna
Halvasan;;;sladica;Gudžarat;Zahodna
Hando Guri;;;sladica;Asam;Severovzhodna
Handwo;20;30;prigrizek;Gudžarat;Zahodna
Haq Maas;20;40;glavna jed;Asam;Severovzhodna
Idiappam;120;30;prigrizek;Tamil Nadu;Južna
Idli;360;90;prigrizek;;Južna
Imarti;10;50;sladica;Zahodna Bengalija;Vzhodna
Jalebi;10;50;sladica;Utar Pradeš;Severna
Jeera Aloo;10;30;glavna jed;Gudžarat;Zahodna
Kaara kozhambu;;;glavna jed;Tamil Nadu;Južna
Kabiraji;;;glavna jed;Zahodna Bengalija;Vzhodna
Kachori;30;60;prigrizek;Utar Pradeš;Severna
Kadai paneer;20;30;glavna jed;Pandžab;Severna
Kadhi pakoda;10;60;glavna jed;Harjana;Severna
Kajjikaya;40;15;sladica;Andra Pradeš;Južna
Kaju katli;10;20;sladica;;
Kakinada khaja;10;30;sladica;Andra Pradeš;Južna
Kalakand;20;30;sladica;Zahodna Bengalija;Vzhodna
Kanji;10;45;glavna jed;Kerala;Južna
Kansar;10;40;glavna jed;Gudžarat;Zahodna
Karela bharta;20;50;glavna jed;Pandžab;Severna
Keerai kootu;20;30;glavna jed;Tamil Nadu;Južna
Keerai masiyal;;;glavna jed;Tamil Nadu;Južna
Keerai poriyal;20;30;glavna jed;Tamil Nadu;Južna
Keerai sadam;10;20;glavna jed;Tamil Nadu;Južna
Keri no ras;10;10;glavna jed;Gudžarat;Zahodna
Khakhra;20;40;prigrizek;Gudžarat;Zahodna
Khaman;10;20;prigrizek;Gudžarat;Zahodna
Khandvi;20;45;prigrizek;Gudžarat;Zahodna
Khar;10;20;glavna jed;Asam;Severovzhodna
Kheer;10;40;sladica;;
Kheer sagar;25;60;sladica;Odiša;Vzhodna
Khichdi;40;20;glavna jed;;
Khichu;5;10;prigrizek;Gudžarat;Zahodna
Khorisa;;;glavna jed;Asam;Severovzhodna
Kofta;20;40;glavna jed;Utar Pradeš;Severna
Koldil Chicken;;;glavna jed;Asam;Severovzhodna
Koldil Duck;;;glavna jed;Asam;Severovzhodna
Kolim Jawla;;;glavna jed;Maharaštra;Zahodna
Kombdi vade;10;25;prigrizek;Maharaštra;Zahodna
Konir Dom;;;glavna jed;Asam;Severovzhodna
Kootu;10;15;glavna jed;Tamil Nadu;Južna
Kos kootu;10;20;glavna jed;Tamil Nadu;Južna
Koshambri;10;20;glavna jed;Karnataka;Južna
Koshimbir;10;10;glavna jed;Maharaštra;Zahodna
Kothamali sadam;10;20;glavna jed;Tamil Nadu;Južna
Kulfi falooda;45;25;sladica;;
Kumol Sawul;;;glavna jed;Asam;Severovzhodna
Kutchi dabeli;30;10;prigrizek;Gudžarat;Zahodna
Kuzhakkattai;10;90;glavna jed;Tamil Nadu;Južna
Kuzhambu;5;30;glavna jed;Tamil Nadu;Južna
Kuzhi paniyaram;10;20;sladica;Kerala;Južna
Laapsi;10;40;glavna jed;Madža Pradeš;Osrednja
Laddu;10;40;sladica;;
Lassi;5;5;sladica;Pandžab;Severna
Lauki ke kofte;20;40;glavna jed;Utar Pradeš;Severna
Lauki ki subji;10;20;glavna jed;;
Ledikeni;45;45;sladica;Zahodna Bengalija;Vzhodna
Lilva Kachori;30;6;prigrizek;Gudžarat;Zahodna
Litti chokha;45;60;glavna jed;Bihar;Severna
Luchi;20;30;glavna jed;Zahodna Bengalija;Vzhodna
Lyangcha;20;30;sladica;Asam;Severovzhodna
Maach Jhol;10;40;glavna jed;Asam;Severovzhodna
Mag Dhokli;;;prigrizek;Gudžarat;Zahodna
Mahim halwa;10;25;sladica;Maharaštra;Zahodna
Makki di roti sarson da saag;25;30;glavna jed;Pandžab;Severna
Malapua;10;120;sladica;Bihar;Severna
Masala Dosa;360;90;prigrizek;;Južna
Masor Koni;;;glavna jed;Asam;Severovzhodna
Masor tenga;15;25;glavna jed;Asam;Severovzhodna
Mawa Bati;20;45;sladica;Madža Pradeš;Osrednja
Methi na Gota;15;30;glavna jed;Gudžarat;Zahodna
Mihidana;15;30;sladica;Zahodna Bengalija;Vzhodna
Mishti Chholar Dal;10;30;glavna jed;Zahodna Bengalija;Vzhodna
Misi roti;30;30;glavna jed;Pandžab;Severna
Misti doi;480;30;sladica;Zahodna Bengalija;Vzhodna
Modak;10;15;sladica;Maharaštra;Zahodna
Mohanthal;5;45;sladica;Gudžarat;Zahodna
Mushroom do pyaza;10;30;glavna jed;Pandžab;Severna
Mushroom matar;10;30;glavna jed;Pandžab;Severna
Muthiya;15;30;prigrizek;Gudžarat;Zahodna
Mysore pak;5;20;sladica;Karnataka;Južna
Naan;60;30;glavna jed;Pandžab;Severna
Namakpara;10;35;prigrizek;Gudžarat;Zahodna
Nankhatai;20;30;sladica;;
Navrattan korma;25;40;glavna jed;Utar Pradeš;Severna
Obbattu holige;180;60;glavna jed;Karnataka;Južna
Pachadi;10;25;glavna jed;;Južna
Pakhala;;;glavna jed;Odiša;Vzhodna
Palak paneer;20;40;glavna jed;Pandžab;Severna
Palathalikalu;10;25;sladica;Andra Pradeš;Južna
Paneer butter masala;20;40;glavna jed;Pandžab;Severna
Paneer tikka masala;20;40;glavna jed;Pandžab;Severna
Pani Pitha;10;20;glavna jed;Asam;Severovzhodna
Pani puri;15;2;prigrizek;;
Paniyaram;10;20;glavna jed;Tamil Nadu;Južna
Panjeeri;10;25;sladica;Utar Pradeš;
Pantua;45;45;sladica;Zahodna Bengalija;Vzhodna
Papad;5;5;prigrizek;;
Papadum;5;5;prigrizek;Kerala;Južna
Paratha;15;45;glavna jed;Pandžab;Severna
Paravannam;;;glavna jed;Kerala;Južna
Paruppu sadam;10;20;glavna jed;Tamil Nadu;Južna
Patra;10;40;prigrizek;Gudžarat;Zahodna
Pattor;10;30;glavna jed;Radžastan;Zahodna
Pav Bhaji;20;40;glavna jed;Maharaštra;Zahodna
Payasam;15;30;sladica;;Južna
Payokh;;;sladica;Asam;Severovzhodna
Pesarattu;120;20;prigrizek;Andra Pradeš;Južna
Petha;10;30;sladica;Utar Pradeš;Severna
Phirni;30;20;sladica;Odiša;Vzhodna
Pinaca;;;sladica;Goa;Zahodna
Pindi chana;500;120;glavna jed;Pandžab;Severna
Pithe;15;35;sladica;Asam;Severovzhodna
Poha;20;30;prigrizek;Maharaštra;Zahodna
Pongal;5;20;sladica;Tamil Nadu;Južna
Poornalu;240;60;sladica;Andra Pradeš;Južna
Pootharekulu;10;60;sladica;Andra Pradeš;Južna
Poriyal;;;glavna jed;Tamil Nadu;Južna
Pork Bharta;;;glavna jed;Tripura;Severovzhodna
Prawn malai curry;15;50;glavna jed;Zahodna Bengalija;Vzhodna
Puli sadam;10;20;glavna jed;Tamil Nadu;Južna
Puri Bhaji;10;30;glavna jed;Maharaštra;Zahodna
Puttu;495;40;glavna jed;Kerala;Južna
Qubani ka meetha;10;20;sladica;Telangana;Južna
Rabri;10;45;sladica;Utar Pradeš;Severna
Rajma chaval;15;90;glavna jed;;Severna
Ras malai;180;60;sladica;Zahodna Bengalija;Vzhodna
Rasabali;15;30;sladica;Odiša;Vzhodna
Rasam;10;35;glavna jed;;Južna
Rasgulla;10;90;sladica;Zahodna Bengalija;Vzhodna
Red Rice;;;glavna jed;;
Rongi;10;30;glavna jed;Pandžab;Severna
Saath;20;40;glavna jed;Gudžarat;Zahodna
Sabudana Khichadi;70;30;prigrizek;Maharaštra;Zahodna
Sambar;20;45;glavna jed;;Južna
Samosa;30;30;prigrizek;;
Sandesh;30;20;sladica;Zahodna Bengalija;Vzhodna
Sandige;120;60;glavna jed;Karnataka;Južna
Sattu ki roti;10;20;glavna jed;Bihar;Severna
Sev khamani;20;30;glavna jed;Gudžarat;Zahodna
Sev tameta;20;30;glavna jed;Gudžarat;Zahodna
Sevai;120;30;glavna jed;;Južna
Shahi paneer;20;40;glavna jed;Pandžab;Severna
Shahi tukra;10;30;sladica;Telangana;Južna
Shankarpali;10;35;sladica;Maharaštra;Zahodna
Sheer korma;10;20;sladica;Telangana;Južna
Sheera;10;25;sladica;Maharaštra;Zahodna
Shrikhand;10;720;sladica;Maharaštra;Zahodna
Shufta;;;sladica;Džamu in Kašmir;Severna
Shukto;10;20;glavna jed;Zahodna Bengalija;Vzhodna
Singori;10;20;sladica;Utarakand;Severna
Sohan halwa;10;60;sladica;Utar Pradeš;Severna
Sohan papdi;;60;sladica;Maharaštra;Zahodna
Sukhdi;10;20;sladica;Maharaštra;Zahodna
Surnoli;60;10;prigrizek;Maharaštra;Zahodna
Sutar feni;15;55;sladica;Maharaštra;Zahodna
Tandoori Chicken;240;30;glavna jed;Pandžab;Severna
Tandoori Fish Tikka;240;30;predjed;Pandžab;Severna
Thalipeeth;25;30;glavna jed;Maharaštra;Zahodna
Thayir sadam;10;20;glavna jed;Tamil Nadu;Južna
Theeyal;15;20;glavna jed;Kerala;Južna
Thepla;15;30;prigrizek;Gudžarat;Zahodna
Til Pitha;5;30;sladica;Asam;Severovzhodna
Turiya Patra Vatana sabji;35;40;glavna jed;Gudžarat;Zahodna
Undhiyu;25;60;glavna jed;Gudžarat;Zahodna
Unni Appam;10;20;sladica;Tamil Nadu;Južna
Upma;10;20;prigrizek;;
Uttapam;10;20;prigrizek;;Južna
Vada;15;20;prigrizek;;Južna
Veg Kolhapuri;20;30;glavna jed;Maharaštra;Zahodna
Vegetable jalfrezi;10;30;glavna jed;Pandžab;Severna
Vindaloo;10;40;glavna jed;Goa;Zahodna
Zunka;10;25;glavna jed;Maharaštra;Zahodna